timestamp,hour,minute,is_peak_hour,traffic_lag_1,traffic_lag_2,traffic_lag_3,traffic_lag_4,offered_traffic_erlangs
00:00,0,0,0,6.74,6.74,6.74,6.74,6.74
00:15,0,15,0,6.74,6.74,6.74,6.74,8.68
00:30,0,30,0,8.68,6.74,6.74,6.74,6.75
00:45,0,45,0,6.75,8.68,6.74,6.74,7.83
01:00,1,0,0,7.83,6.75,8.68,6.74,7.67
01:15,1,15,0,7.67,7.83,6.75,8.68,7.65
01:30,1,30,0,7.65,7.67,7.83,6.75,7.59
01:45,1,45,0,7.59,7.65,7.67,7.83,7.47
02:00,2,0,0,7.47,7.59,7.65,7.67,9.14
02:15,2,15,0,9.14,7.47,7.59,7.65,8.67
02:30,2,30,0,8.67,9.14,7.47,7.59,7.58
02:45,2,45,0,7.58,8.67,9.14,7.47,7.99
03:00,3,0,0,7.99,7.58,8.67,9.14,7.26
03:15,3,15,0,7.26,7.99,7.58,8.67,7.01
03:30,3,30,0,7.01,7.26,7.99,7.58,8.15
03:45,3,45,0,8.15,7.01,7.26,7.99,8.4
04:00,4,0,0,8.4,8.15,7.01,7.26,8.27
04:15,4,15,0,8.27,8.4,8.15,7.01,7.03
04:30,4,30,0,7.03,8.27,8.4,8.15,8.03
04:45,4,45,0,8.03,7.03,8.27,8.4,7.18
05:00,5,0,0,7.18,8.03,7.03,8.27,7.48
05:15,5,15,0,7.48,7.18,8.03,7.03,7.16
05:30,5,30,0,7.16,7.48,7.18,8.03,8.35
05:45,5,45,0,8.35,7.16,7.48,7.18,7.68
06:00,6,0,0,7.68,8.35,7.16,7.48,8.7
06:15,6,15,0,8.7,7.68,8.35,7.16,8.15
06:30,6,30,0,8.15,8.7,7.68,8.35,9.17
06:45,6,45,0,9.17,8.15,8.7,7.68,5.86
07:00,7,0,0,5.86,9.17,8.15,8.7,8.33
07:15,7,15,0,8.33,5.86,9.17,8.15,9.46
07:30,7,30,0,9.46,8.33,5.86,9.17,8.76
07:45,7,45,0,8.76,9.46,8.33,5.86,9.47
08:00,8,0,0,9.47,8.76,9.46,8.33,7.89
08:15,8,15,0,7.89,9.47,8.76,9.46,8.72
08:30,8,30,0,8.72,7.89,9.47,8.76,8.71
08:45,8,45,0,8.71,8.72,7.89,9.47,8.39
09:00,9,0,0,8.39,8.71,8.72,7.89,8.1
09:15,9,15,0,8.1,8.39,8.71,8.72,10.15
09:30,9,30,0,10.15,8.1,8.39,8.71,9.58
09:45,9,45,0,9.58,10.15,8.1,8.39,11.34
10:00,10,0,0,11.34,9.58,10.15,8.1,11.75
10:15,10,15,0,11.75,11.34,9.58,10.15,13.11
10:30,10,30,0,13.11,11.75,11.34,9.58,13.76
10:45,10,45,0,13.76,13.11,11.75,11.34,13.37
11:00,11,0,0,13.37,13.76,13.11,11.75,15.34
11:15,11,15,0,15.34,13.37,13.76,13.11,15.73
11:30,11,30,0,15.73,15.34,13.37,13.76,17.76
11:45,11,45,0,17.76,15.73,15.34,13.37,19.0
12:00,12,0,0,19.0,17.76,15.73,15.34,20.55
12:15,12,15,0,20.55,19.0,17.76,15.73,21.64
12:30,12,30,0,21.64,20.55,19.0,17.76,24.36
12:45,12,45,0,24.36,21.64,20.55,19.0,26.32
13:00,13,0,1,26.32,24.36,21.64,20.55,27.36
13:15,13,15,1,27.36,26.32,24.36,21.64,29.46
13:30,13,30,1,29.46,27.36,26.32,24.36,30.58
13:45,13,45,1,30.58,29.46,27.36,26.32,31.95
14:00,14,0,1,31.95,30.58,29.46,27.36,33.38
14:15,14,15,1,33.38,31.95,30.58,29.46,34.49
14:30,14,30,1,34.49,33.38,31.95,30.58,34.37
14:45,14,45,1,34.37,34.49,33.38,31.95,34.96
15:00,15,0,1,34.96,34.37,34.49,33.38,35.56
15:15,15,15,1,35.56,34.96,34.37,34.49,36.14
15:30,15,30,1,36.14,35.56,34.96,34.37,35.36
15:45,15,45,1,35.36,36.14,35.56,34.96,34.09
16:00,16,0,1,34.09,35.36,36.14,35.56,33.3
16:15,16,15,1,33.3,34.09,35.36,36.14,32.02
16:30,16,30,1,32.02,33.3,34.09,35.36,30.77
16:45,16,45,1,30.77,32.02,33.3,34.09,29.27
17:00,17,0,1,29.27,30.77,32.02,33.3,27.62
17:15,17,15,1,27.62,29.27,30.77,32.02,25.8
17:30,17,30,1,25.8,27.62,29.27,30.77,24.46
17:45,17,45,1,24.46,25.8,27.62,29.27,22.56
18:00,18,0,0,22.56,24.46,25.8,27.62,20.58
18:15,18,15,0,20.58,22.56,24.46,25.8,18.97
18:30,18,30,0,18.97,20.58,22.56,24.46,18.45
18:45,18,45,0,18.45,18.97,20.58,22.56,16.2
19:00,19,0,0,16.2,18.45,18.97,20.58,14.75
19:15,19,15,0,14.75,16.2,18.45,18.97,13.58
19:30,19,30,0,13.58,14.75,16.2,18.45,12.58
19:45,19,45,0,12.58,13.58,14.75,16.2,10.93
20:00,20,0,0,10.93,12.58,13.58,14.75,10.14
20:15,20,15,0,10.14,10.93,12.58,13.58,10.2
20:30,20,30,0,10.2,10.14,10.93,12.58,9.44
20:45,20,45,0,9.44,10.2,10.14,10.93,10.63
21:00,21,0,0,10.63,9.44,10.2,10.14,9.5
21:15,21,15,0,9.5,10.63,9.44,10.2,7.89
21:30,21,30,0,7.89,9.5,10.63,9.44,8.29
21:45,21,45,0,8.29,7.89,9.5,10.63,9.17
22:00,22,0,0,9.17,8.29,7.89,9.5,7.9
22:15,22,15,0,7.9,9.17,8.29,7.89,8.48
22:30,22,30,0,8.48,7.9,9.17,8.29,6.76
22:45,22,45,0,6.76,8.48,7.9,9.17,8.41
23:00,23,0,0,8.41,6.76,8.48,7.9,6.78
23:15,23,15,0,6.78,8.41,6.76,8.48,8.22
23:30,23,30,0,8.22,6.78,8.41,6.76,7.7
23:45,23,45,0,7.7,8.22,6.78,8.41,7.39
